SOURCE_NAME,COMPANY,URL_OFFICIAL,SOURCE_TYPE,PRIORITY_TIER,FREE_ACCESS,REGISTRATION_REQUIRED,API_AVAILABLE,API_DOCUMENTATION_URL,API_AUTH_METHOD,FREE_API_LIMITS,COVERAGE_MAKES,COVERAGE_COUNTRIES,COVERAGE_VEHICLES_APPROX,COVERAGE_YEARS,COVERAGE_TYPE,VIN_SUPPORT,MATRICULA_SUPPORT,ENGINE_CODE_SUPPORT,OEM_REF_SUPPORT,AFTERMARKET_REF_SUPPORT,REPAIR_KITS_SUPPORT,KIT_CONTENTS_SUPPORT,REQUIRED_PARTS_SUPPORT,RECOMMENDED_PARTS_SUPPORT,SINGLE_USE_BOLTS_SUPPORT,FLUIDS_SUPPORT,FLUID_SPECS_SUPPORT,FLUID_QTY_SUPPORT,TORQUE_SPECS_SUPPORT,LABOUR_TIMES_SUPPORT,DATA_FORMAT,MACHINE_READABLE,SCRAPING_REQUIRED,TERMS_OF_USE_URL,LICENSE,COMMERCIAL_REUSE,DATABASE_EXTRACTION_ALLOWED,ATTRIBUTION_REQUIRED,RELIABILITY,USEFULNESS_FOR_BIBENDIA
SKF Automotive,SKF Group,https://vsm.skf.com,kit catalogue,P2,YES,NO,UNKNOWN,,,All,Global,100000+,1980-Present,Passenger & LCV,NO,NO,YES,YES,YES,YES,YES,YES,YES,YES,NO,NO,NO,PARTIAL,NO,HTML/PDF,PARTIAL,YES,https://vsm.skf.com/terms,Proprietary,RESTRICTED,NO,YES,Tier-1 manufacturer,Timing belt & wheel bearing kit BOM deconstruction
Gates TechZone,Gates Corporation,https://www.gatestechzone.com,technical portal,P1,YES,NO,UNKNOWN,,,All,Global,100000+,1970-Present,Passenger & LCV,NO,NO,YES,YES,YES,YES,YES,YES,YES,YES,NO,NO,NO,PARTIAL,NO,HTML/PDF,PARTIAL,YES,https://www.gates.com/us/en/legal/terms-of-use.html,Proprietary,RESTRICTED,NO,YES,Tier-1 manufacturer,Timing belt and micro-V belt kit BOMs + tech rules
Continental PIC,Continental AG,https://www.continental-engineparts.com/pic,product portal,P1,YES,NO,NO,,,All,Europe/Global,80000+,1985-Present,Passenger & LCV,NO,NO,YES,YES,YES,YES,YES,YES,YES,YES,NO,NO,NO,YES,NO,HTML/PDF,PARTIAL,YES,https://www.continental-engineparts.com/terms,Proprietary,RESTRICTED,NO,YES,Tier-1 manufacturer,Timing belt kit BOMs + torque specs
Schaeffler REPXPERT,Schaeffler Group,https://www.repxpert.com,RMI portal,P1,PARTIAL,YES,UNKNOWN,,OAuth2/Key,All,Global,120000+,1975-Present,Passenger & LCV,NO,NO,YES,YES,YES,YES,YES,YES,YES,YES,NO,NO,NO,YES,PARTIAL,HTML/PDF,PARTIAL,YES,https://www.repxpert.com/en/terms-and-conditions,Proprietary,RESTRICTED,NO,YES,Tier-1 OEM manufacturer,Clutch DMF sets (LuK RepSet DMF) & INA timing kits
febi bilstein PartsFinder,Ferdinand Bilstein GmbH,https://partsfinder.bilsteingroup.com,online catalogue,P2,YES,NO,UNKNOWN,,,All,Global,90000+,1980-Present,Passenger & LCV,NO,NO,YES,YES,YES,YES,YES,YES,YES,YES,YES,YES,NO,NO,NO,HTML,PARTIAL,YES,https://partsfinder.bilsteingroup.com/en/terms,Proprietary,RESTRICTED,NO,YES,Tier-1 / Aftermarket,Suspension/steering ProKits & fluid specs
Elring Das Original,ElringKlinger AG,https://www.elring.com,gasket catalogue,P1,YES,NO,NO,,,All,Global,70000+,1970-Present,Passenger & LCV,NO,NO,YES,YES,YES,YES,YES,YES,YES,YES,NO,NO,NO,YES,NO,HTML/PDF,PARTIAL,YES,https://www.elring.com/terms,Proprietary,RESTRICTED,NO,YES,OEM Gasket Supplier,Gasket set BOMs & head bolt torque sequences
HELLA Tech World,FORVIA HELLA,https://www.hella.com/techworld,technical portal,P1,YES,NO,NO,,,All,Global,60000+,1990-Present,Passenger & LCV,NO,NO,YES,YES,YES,NO,NO,NO,NO,NO,YES,YES,YES,NO,NO,HTML/PDF,PARTIAL,YES,https://www.hella.com/legal,Proprietary,RESTRICTED,NO,YES,Tier-1 OEM Supplier,HVAC refrigerant specs, oil quantities & lighting
MANN-FILTER,MANN+HUMMEL,https://catalog.mann-filter.com,product catalogue,P3,YES,NO,NO,,,All,Global,100000+,1970-Present,Passenger & LCV,NO,NO,YES,YES,YES,NO,NO,YES,NO,NO,NO,NO,NO,NO,NO,HTML/PDF,PARTIAL,YES,https://catalog.mann-filter.com/terms,Proprietary,RESTRICTED,NO,YES,Tier-1 OEM Supplier,Filter maintenance BOM per engine code
7zap,7zap,https://7zap.com,exploded OEM catalog,P1,YES,NO,UNKNOWN,,API Key,,VAG/PSA/Renault/BMW/Merc,Europe/Global,100000+,1980-Present,Passenger & LCV,NO,NO,YES,YES,NO,NO,NO,YES,YES,YES,NO,NO,NO,NO,NO,HTML/SVG,PARTIAL,YES,https://7zap.com/en/terms/,Proprietary,RESTRICTED,NO,YES,Industry database,OEM exploded diagrams and single-use bolts
Open Labor Project,Open Labor Project,https://openlaborproject.com,open dataset,P1,YES,NO,YES,https://openlaborproject.com/api,Open Access,,All,US/Europe,40000+,1996-Present,Passenger & LCV,NO,NO,YES,YES,YES,NO,NO,YES,YES,NO,YES,YES,YES,YES,YES,JSON/HTML,YES,NO,https://openlaborproject.com/terms,Open Data,ALLOWED,YES,YES,Community dataset,Open labor times, fluid specs & torque values
